timestamp;yawCorr;encoderR;I_L;odoDistance;ax;encoderL;I_R;yaw;eSpeedR;eSpeedL;pwmL;speedL;CycleTimeControl;wz;pwmR;speedR;Iyaw;hdg;m_y;m_x;eYaw;cycleTimeSense;
1603466959.65;0;0;25;0.0;-0.02685546875;0;25;0;25;25;52;0.0;23;0.221252441406;16;0.0;0;252.069366413;-5.19555664062;-16.0563964844;0;6;
1603466959.71;0;0;50;0.0;0.29150390625;0;50;0;25;25;55;0.0;57;-8.53729248047;53;0.0;0;253.562118111;-5.04602050781;-17.1031494141;0;6;
1603466959.76;0;-1;75;0.0;-0.188232421875;1;75;2;25;25;57;0;52;-24.1851806641;55;0;0;251.433794171;-5.64416503906;-16.8040771484;2;7;
1603466959.81;0;-1;100;0.0;0.037841796875;1;100;2;25;25;60;0;54;-70.80078125;58;0;0;258.305420572;-3.84973144531;-18.5985107422;2;6;
1603466959.87;0;-1;102;0.5;0.044189453125;2;125;3;25;2;46;23;54;-88.6611938477;60;0;0;261.388326459;-2.95251464844;-19.4957275391;3;6;
1603466959.92;0;-2;98;0.5;0.015869140625;3;132;5;7;0;44;29;53;-104.080200195;50;18;0;263.292630737;-2.20483398438;-18.748046875;5;6;
1603466959.97;0;-3;94;0.0;-0.11865234375;4;131;6;0;0;44;29;52;-112.182617188;46;26;0;271.091581107;0.337280273438;-17.7012939453;6;7;
1603466960.03;0;-4;89;0.0;-0.12109375;4;123;8;0;0;43;30;57;-124.465942383;45;33;0;279.249912512;3.02893066406;-18.5985107422;8;6;
1603466960.08;0;-4;85;0.5;0.109130859375;5;115;9;0;0;43;29;53;-142.631530762;44;33;0;288.773003729;6.16918945312;-18.1499023438;9;6;
1603466960.14;0;-5;80;0.5;-0.074951171875;6;109;11;0;0;43;30;54;-146.484375;43;31;0;291.205503979;7.21594238281;-18.5985107422;11;6;
1603466960.19;0;-6;74;0.5;-0.00830078125;7;95;13;0;0;42;31;54;-147.033691406;42;39;0;294.623741654;8.11315917969;-17.7012939453;13;9;
1603466960.24;0;-7;68;0.0;0.181640625;7;79;14;0;0;41;31;53;-130.867004395;40;41;0;310.579243361;12.5992431641;-14.7105712891;14;6;
1603466960.3;0;-9;65;-0.5;-0.26953125;8;53;17;0;0;41;28;54;-154.632568359;38;51;0;321.4948882;14.5432128906;-11.5703125;17;6;
1603466960.35;0;-10;62;-0.5;0.214599609375;9;37;19;0;0;41;28;54;-151.908874512;36;41;0;326.125280444;17.2348632812;-11.5703125;19;6;
1603466960.4;0;-11;59;-1.0;0.154052734375;9;19;20;0;0;40;28;52;-147.979736328;34;43;0;332.953668348;17.6834716797;-9.02819824219;20;6;
1603466960.45;0;-12;59;-1.0;-0.078857421875;10;-2;22;0;0;40;25;54;-133.750915527;33;46;0;339.376919639;17.2348632812;-6.48608398438;22;6;
1603466960.51;0;-13;57;-1.0;0.04052734375;11;-11;24;0;0;40;27;55;-114.593505859;32;34;0;351.019702279;20.2255859375;-3.1962890625;24;6;
1603466960.56;0;-14;55;-1.5;-0.05859375;11;-26;25;0;0;40;27;53;-124.282836914;31;40;0;0.264884930877;20.2255859375;0.093505859375;25;6;
1603466960.62;0;-14;56;-1.0;0.33154296875;12;-41;26;0;1;41;24;53;-123.344421387;29;40;0;1.06474887113;21.1228027344;0.392578125;26;6;
1603466960.67;0;-15;57;-1.5;-0.09619140625;12;-47;27;0;1;41;24;55;-114.059448242;29;31;0;5.10013595343;19.4779052734;1.73840332031;27;12;
1603466960.72;0;-16;58;-1.5;0.200439453125;13;-48;29;0;1;41;24;53;-111.717224121;29;26;0;13.3709354017;20.5246582031;4.87866210938;29;6;
1603466960.78;0;-16;53;-1.0;-0.209228515625;14;-49;30;0;0;40;30;54;-108.383178711;29;26;0;20.1223923762;19.029296875;6.97216796875;30;6;
1603466960.83;0;-17;48;-1.0;-0.077880859375;15;-49;32;0;0;39;30;54;-94.1619873047;29;25;0;24.033433258;17.9825439453;8.01892089844;32;6;
1603466960.88;0;-18;43;-1.5;-0.147216796875;15;-47;33;2;0;39;30;52;-94.1009521484;30;23;0;35.0435318941;16.3376464844;11.4582519531;33;6;
1603466960.94;0;-18;44;-1.0;0.00048828125;16;-45;34;2;1;40;24;56;-92.170715332;30;23;0;36.847001175;15.8890380859;11.9068603516;34;6;
1603466960.99;0;-19;45;-1.5;0.073486328125;16;-40;35;5;1;40;24;52;-91.4001464844;32;20;0;40.4261502805;16.7862548828;14.2994384766;35;6;
1603466961.04;0;-19;47;-1.0;-0.0224609375;17;-35;36;5;2;40;23;52;-86.7538452148;33;20;0;46.4655914855;15.2908935547;16.0938720703;36;6;
1603466961.1;0;-20;49;-1.5;-0.12109375;17;-31;37;4;2;41;23;54;-80.9478759766;33;21;0;48.7889479273;14.0946044922;16.0938720703;37;6;
1603466961.15;0;-20;56;-1.0;-0.013427734375;18;-27;38;4;7;44;18;54;-77.63671875;33;21;0;56.1338932553;11.4029541016;16.9910888672;38;6;
1603466961.21;0;-21;63;-1.5;0.01123046875;18;-24;39;3;7;45;18;56;-67.6803588867;33;22;0;62.0255310973;10.0571289062;18.9350585938;39;6;
1603466961.26;0;-21;71;-1.0;-0.1689453125;19;-21;40;3;8;46;17;55;-64.5751953125;33;22;0;62.230500342;10.2066650391;19.3836669922;40;6;
1603466961.32;0;-21;79;-1.0;0.048583984375;19;-18;40;3;8;47;17;53;-50.5981445312;33;22;0;67.5987074157;8.11315917969;19.6827392578;40;6;
1603466961.37;0;-22;87;-1.5;-0.087890625;19;-5;41;13;8;48;17;52;-49.0417480469;40;12;0;64.2090444702;8.86083984375;18.3369140625;41;6;
1603466961.42;0;-22;97;-1.0;0.076416015625;20;8;42;13;10;50;15;56;-51.4373779297;41;12;0;70.8912106242;6.76733398438;19.533203125;42;6;
1603466961.48;0;-22;107;-1.0;-0.201416015625;20;21;42;13;10;51;15;53;-35.758972168;42;12;0;76.1345773836;4.673828125;18.9350585938;42;7;
1603466961.53;0;-22;117;-0.5;0.10302734375;21;34;43;13;10;52;15;55;-65.91796875;44;12;0;73.9694562459;5.8701171875;20.4304199219;43;6;
1603466961.58;0;-23;127;-1.0;-0.120849609375;21;48;44;14;10;53;15;53;-86.6851806641;46;11;0;80.3400502919;3.4775390625;20.4304199219;44;7;
1603466961.64;0;-23;131;-0.5;0.07373046875;22;62;45;14;4;50;21;53;-93.5974121094;47;11;0;85.5448329306;1.53356933594;19.6827392578;45;6;
1603466961.69;0;-24;128;-0.5;-0.345703125;23;69;47;7;0;47;28;52;-117.164611816;44;18;0;93.5582364029;-1.3076171875;21.0285644531;47;9;
1603466961.75;0;-25;125;-1.0;-0.01220703125;23;67;48;0;0;47;28;55;-132.339477539;39;27;0;92.7458423093;-1.00854492188;21.0285644531;48;7;
1603466961.8;0;-26;121;-1.0;0.151611328125;24;60;50;0;0;47;29;53;-150.199890137;39;32;0;102.05251721;-4.29833984375;20.1313476562;50;7;
1603466961.85;0;-26;110;-0.5;0.091552734375;25;53;51;0;0;46;36;52;-154.586791992;38;32;0;112.519589353;-8.03674316406;19.3836669922;51;6;
1603466961.91;0;-27;100;-0.5;0.2138671875;26;42;53;0;0;45;35;55;-138.168334961;37;36;0;116.359014965;-9.38256835938;18.9350585938;53;6;
1603466961.96;0;-28;89;-0.5;-0.013916015625;27;34;55;0;0;43;36;53;-156.707763672;36;33;0;127.959723834;-12.6723632812;16.2434082031;55;6;
1603466962.01;0;-29;77;-0.5;-0.066162109375;28;18;57;0;0;42;37;55;-151.245117188;34;41;0;130.851373442;-13.2705078125;15.3461914062;57;6;
1603466962.07;0;-30;70;-0.5;-0.49072265625;29;6;59;0;0;42;32;52;-143.608093262;33;37;0;140.353112616;-15.8126220703;13.1031494141;59;6;
1603466962.12;0;-31;63;-1.0;0.4541015625;29;-7;60;0;0;41;32;55;-147.766113281;33;38;0;150.866736287;-17.6070556641;9.81335449219;60;6;
1603466962.18;0;-32;58;-1.0;0.352294921875;30;-23;62;0;0;40;30;54;-127.769470215;31;41;0;157.76733097;-19.251953125;7.86938476562;62;6;
1603466962.23;0;-33;56;-1.0;-0.10546875;31;-28;64;0;0;40;27;55;-125.686645508;31;30;0;162.19776458;-19.8500976562;6.3740234375;64;6;
1603466962.28;0;-34;54;-1.5;-0.101318359375;31;-40;65;0;0;40;27;53;-123.107910156;29;37;0;163.588419276;-19.1024169922;5.62634277344;65;6;
1603466962.33;0;-35;52;-1.5;-0.207275390625;32;-52;67;0;0;40;27;51;-120.010375977;28;37;0;169.017880075;-18.2052001953;3.53283691406;67;6;
1603466962.39;0;-35;51;-1.0;-0.147216796875;33;-55;68;0;0;40;26;53;-112.419128418;28;28;0;180.584524272;-20.1491699219;-0.20556640625;68;6;
1603466962.44;0;-36;50;-1.5;0.003173828125;33;-55;69;0;0;40;26;55;-105.712890625;28;25;0;187.490723432;-20.8968505859;-2.74768066406;69;6;
1603466962.49;0;-36;50;-1.0;-0.0849609375;34;-55;70;0;0;40;25;52;-110.11505127;28;25;0;192.435547779;-20.5977783203;-4.54211425781;70;6;
1603466962.55;0;-37;50;-1.0;-0.068359375;35;-53;72;2;0;40;25;53;-106.117248535;29;23;0;195.060937881;-19.1024169922;-5.14025878906;72;6;
1603466962.6;0;-37;50;-1.0;0.1943359375;35;-51;72;2;0;40;25;52;-84.3505859375;30;23;0;201.23944583;-17.4575195312;-6.78515625;72;6;
1603466962.65;0;-38;49;-1.0;0.093994140625;36;-49;74;2;0;39;26;54;-104.804992676;30;23;0;211.882915907;-17.1584472656;-10.6730957031;74;6;
1603466962.71;0;-39;50;-1.0;-0.0166015625;37;-47;76;2;1;40;24;54;-104.949951172;30;23;0;207.146947729;-17.6070556641;-9.02819824219;76;7;
1603466962.76;0;-39;51;-1.0;-0.00390625;37;-45;76;2;1;40;24;55;-92.5903320312;30;23;0;219.367405767;-14.466796875;-11.8693847656;76;6;
1603466962.82;0;-40;56;-1.0;0.22900390625;38;-43;78;2;5;43;20;56;-86.1434936523;30;23;0;225.198265165;-13.5695800781;-13.6638183594;78;6;
1603466962.87;0;-40;61;-1.0;-0.1591796875;38;-41;78;2;5;44;20;52;-87.6388549805;31;23;0;231.932555187;-12.2237548828;-15.6077880859;78;6;
1603466962.93;0;-41;68;-1.0;-0.000732421875;39;-38;80;3;7;46;18;57;-67.4362182617;31;22;0;232.32202505;-11.4760742188;-14.8601074219;80;6;
1603466962.98;0;-41;75;-1.0;0.036865234375;39;-35;80;3;7;46;18;55;-60.9283447266;32;22;0;234.651119266;-11.1770019531;-15.7573242188;80;6;
1603466963.04;0;-41;82;-1.0;0.05712890625;39;-32;80;3;7;47;18;53;-52.8793334961;32;22;0;240.953784127;-8.33581542969;-15.0096435547;80;6;
1603466963.09;0;-42;91;-1.0;-0.02392578125;40;-19;82;13;9;49;16;52;-55.2749633789;38;12;0;245.739507828;-7.43859863281;-16.5050048828;82;6;
1603466963.14;0;-42;100;-1.0;0.001220703125;40;-6;82;13;9;50;16;54;-60.5392456055;40;12;0;249.503916203;-6.84045410156;-18.2994384766;82;6;
1603466963.2;0;-42;109;-0.5;-0.200439453125;41;7;83;13;9;51;16;55;-38.7496948242;41;12;0;251.174013894;-6.39184570312;-18.748046875;83;6;
1603466963.25;0;-42;118;-0.5;0.045166015625;41;20;83;13;9;52;16;52;-68.2830810547;42;12;0;250.622443694;-6.54138183594;-18.5985107422;83;6;
1603466963.3;0;-43;124;-0.5;0.17333984375;42;35;85;15;6;51;19;52;-88.1958007812;45;10;0;257.928038768;-3.84973144531;-18.0003662109;85;7;
1603466963.35;0;-43;130;-0.5;-0.102294921875;42;50;85;15;6;51;19;52;-91.2322998047;47;10;0;266.711332538;-1.00854492188;-17.5517578125;85;6;
1603466963.41;0;-44;128;-0.5;-0.10986328125;43;57;87;7;0;47;27;54;-112.701416016;42;18;0;265.789883207;-1.45715332031;-19.7947998047;87;6;
1603466963.46;0;-45;122;-0.5;0.30810546875;44;56;89;0;0;47;31;54;-129.974365234;38;26;0;275.941217346;1.98217773438;-19.0471191406;89;7;
1603466963.51;0;-45;115;0.0;0.055419921875;45;55;90;0;0;46;32;54;-136.108398438;38;26;0;283.340003756;4.37475585938;-18.4489746094;90;6;
1603466963.57;0;-46;106;0.0;-0.0068359375;46;49;92;0;0;45;34;53;-144.149780273;37;31;0;291.225087815;6.46826171875;-16.6545410156;92;7;
1603466963.62;0;-47;97;-0.5;-0.07177734375;46;39;93;0;0;44;34;55;-138.084411621;36;35;0;295.378090521;8.11315917969;-17.1031494141;93;6;
1603466963.68;0;-48;89;-0.5;0.134765625;47;31;95;0;0;43;33;53;-140.777587891;36;33;0;304.873139613;10.3562011719;-14.8601074219;95;12;
1603466963.73;0;-49;81;-0.5;-0.287841796875;48;16;97;0;0;43;33;57;-138.786315918;34;40;0;316.302911575;13.0478515625;-12.4675292969;97;6;
1603466963.79;0;-50;71;-0.5;-0.15283203125;49;6;99;0;0;42;35;54;-147.262573242;33;35;0;320.846281442;14.3936767578;-11.7198486328;99;6;
1603466963.84;0;-51;64;-0.5;-0.654052734375;50;-8;101;0;0;41;32;53;-143.264770508;33;39;0;330.167204335;16.7862548828;-9.62634277344;101;6;
1603466963.89;0;-52;59;-0.5;0.115478515625;51;-19;103;0;0;40;30;55;-132.164001465;32;36;0;334.590871462;16.4871826172;-7.83190917969;103;6;
1603466963.95;0;-52;54;-0.5;-0.21435546875;51;-30;103;0;0;40;30;52;-107.162475586;30;36;0;341.979268308;19.4779052734;-6.33654785156;103;6;
1603466964.0;0;-53;53;-0.5;-0.458984375;52;-34;105;0;0;40;26;54;-120.170593262;30;29;0;354.513896222;20.8237304688;-2.0;105;6;
1603466964.05;0;-54;51;-0.5;0.0537109375;53;-42;107;0;0;40;27;53;-106.666564941;29;33;0;359.001536427;20.3751220703;-0.355102539062;107;6;
1603466964.11;0;-54;49;-0.5;0.33642578125;53;-42;108;0;0;39;27;52;-105.712890625;29;25;0;0.277180618201;19.3283691406;0.093505859375;108;6;
1603466964.16;0;-55;49;-0.5;-0.094970703125;54;-42;109;0;0;39;25;53;-96.6873168945;29;25;0;9.63628934214;19.9265136719;3.38330078125;109;6;
1603466964.21;0;-56;49;-1.0;-0.258056640625;54;-38;110;4;0;39;25;53;-92.6742553711;32;21;0;15.1515443271;20.2255859375;5.47680664062;110;6;
1603466964.27;0;-56;50;-0.5;0.09619140625;55;-34;111;4;1;40;24;55;-90.7669067383;32;21;0;23.1205962206;18.4311523438;7.86938476562;111;6;
1603466964.32;0;-57;49;-0.5;0.19580078125;56;-31;113;3;0;39;26;54;-90.3472900391;32;22;0;23.1205962206;18.4311523438;7.86938476562;113;6;
1603466964.37;0;-57;48;-0.5;0.00439453125;56;-28;113;3;0;39;26;53;-68.4585571289;32;22;0;29.54413299;16.7862548828;9.51428222656;113;6;
1603466964.43;0;-58;50;-0.5;-0.215087890625;57;-23;115;5;2;41;23;53;-87.3031616211;33;20;0;35.8565686073;15.4404296875;11.1591796875;115;6;
1603466964.48;0;-58;52;-0.5;-0.019775390625;57;-18;115;5;2;41;23;52;-77.2552490234;34;20;0;35.6306496146;18.2816162109;13.1031494141;115;6;
1603466964.53;0;-59;59;-0.5;0.052001953125;58;-12;117;6;7;45;18;52;-76.6754150391;35;19;0;42.1278401495;16.63671875;15.0471191406;117;6;
1603466964.58;0;-59;66;-0.5;-0.015869140625;58;-6;117;6;7;45;18;52;-79.3762207031;35;19;0;47.1329158427;14.244140625;15.3461914062;117;6;
1603466964.64;0;-60;75;-0.5;0.060791015625;59;-2;119;4;9;47;16;52;-78.9489746094;35;21;0;47.9817799594;12.7487792969;14.1499023438;119;7;
1603466964.69;0;-60;84;-0.5;-0.027587890625;59;2;119;4;9;48;16;55;-77.3849487305;35;21;0;53.9786994912;11.7020263672;16.0938720703;119;8;
1603466964.74;0;-61;93;-1.0;-0.1201171875;59;6;120;4;9;49;16;52;-72.9293823242;36;21;0;56.1427055543;12.0010986328;17.8883056641;120;6;
1603466964.79;0;-61;101;-0.5;-0.007080078125;60;10;121;4;8;49;17;52;-64.2242431641;36;21;0;62.5065885345;9.30944824219;17.8883056641;121;6;
1603466964.85;0;-61;109;-0.5;-0.0380859375;60;14;121;4;8;50;17;54;-60.1501464844;36;21;0;61.2815857412;9.30944824219;16.9910888672;121;7;
1603466964.9;0;-62;116;-0.5;0.060791015625;61;26;123;12;7;50;18;54;-61.279296875;42;13;0;70.0423907098;6.76733398438;18.6359863281;123;7;
1603466964.96;0;-62;123;-0.5;-0.00244140625;61;38;123;12;7;51;18;53;-75.2182006836;44;13;0;69.7085615783;7.66455078125;20.7294921875;123;6;
1603466965.01;0;-62;125;0.0;0.02978515625;62;50;124;12;2;48;23;55;-71.0983276367;45;13;0;75.6215781693;5.12243652344;19.9818115234;124;6;
1603466965.07;0;-63;125;0.0;-0.137451171875;63;63;126;13;0;47;25;56;-101.943969727;47;12;0;80.054439357;3.4775390625;19.8322753906;126;6;
1603466965.12;0;-63;125;0.0;-0.222900390625;63;76;126;13;0;47;25;53;-114.883422852;48;12;0;85.7383314248;1.53356933594;20.5799560547;126;7;
1603466965.17;0;-64;119;0.0;-0.2314453125;64;81;128;5;0;46;31;55;-125.991821289;44;20;0;88.2028220769;0.636352539062;20.2808837891;128;12;
1603466965.23;0;-64;115;0.5;0.178955078125;65;86;129;5;0;46;29;52;-133.682250977;44;20;0;98.39152707;-3.10205078125;21.0285644531;129;6;
1603466965.28;0;-65;109;0.5;-0.09912109375;66;84;131;0;0;45;31;53;-144.073486328;41;27;0;110.305748246;-6.84045410156;18.4864501953;131;6;
1603466965.33;0;-66;100;0.5;0.009521484375;67;72;133;0;0;45;34;54;-152.565002441;40;37;0;114.089638458;-8.93395996094;19.9818115234;133;6;
1603466965.39;0;-67;91;0.0;0.305908203125;67;64;134;0;0;44;34;53;-147.201538086;39;33;0;118.051722676;-9.53210449219;17.8883056641;134;6;
1603466965.44;0;-68;85;0.0;-0.16455078125;68;54;136;0;0;43;31;53;-149.909973145;38;35;0;123.916215404;-11.6256103516;17.2901611328;136;6;
1603466965.49;0;-69;79;0.0;-0.0078125;69;39;138;0;0;42;31;54;-150.268554688;36;40;0;135.591206563;-15.5135498047;15.1966552734;138;6;
1603466965.55;0;-70;75;0.0;-0.217041015625;70;22;140;0;0;42;29;54;-146.018981934;35;42;0;140.939973626;-15.9621582031;12.9536132812;140;6;
1603466965.6;0;-71;71;-0.5;0.085693359375;70;9;141;0;0;42;29;54;-149.887084961;33;38;0;150.129548876;-17.6070556641;10.1124267578;141;7;
1603466965.65;0;-72;67;-0.5;0.067138671875;71;-7;143;0;0;41;29;52;-142.044067383;33;41;0;156.258809197;-19.251953125;8.46752929688;143;6;
1603466965.7;0;-73;64;-0.5;-0.35205078125;72;-13;145;0;0;41;28;52;-118.911743164;32;31;0;156.909598804;-17.7565917969;7.5703125;145;8;
1603466965.76;0;-74;60;-0.5;-0.12744140625;73;-25;147;0;0;41;29;56;-127.220153809;31;37;0;166.619355872;-19.251953125;4.57958984375;147;7;
1603466965.81;0;-74;56;-0.5;-0.03515625;73;-37;147;0;0;40;29;53;-129.295349121;30;37;0;174.633040144;-18.5042724609;1.73840332031;147;6;
1603466965.86;0;-75;56;-0.5;0.062744140625;74;-41;149;0;0;40;25;52;-111.663818359;29;29;0;181.873439144;-19.9996337891;-0.654174804688;149;6;
1603466965.92;0;-76;55;-0.5;0.125732421875;75;-44;151;0;0;40;26;53;-110.664367676;29;28;0;186.706806407;-19.5510253906;-2.29907226562;151;6;
1603466965.97;0;-76;54;-0.5;-0.185302734375;75;-47;151;0;0;40;26;53;-106.391906738;29;28;0;193.673284008;-18.0556640625;-4.392578125;151;6;
1603466966.03;0;-77;53;-0.5;-0.043212890625;76;-48;153;0;0;40;26;56;-100.761413574;29;26;0;198.345095419;-17.7565917969;-5.88793945312;153;6;
1603466966.08;0;-78;52;-1.0;-0.156494140625;76;-46;154;2;0;40;26;53;-97.1069335938;30;23;0;202.815753204;-17.9061279297;-7.53283691406;154;6;
1603466966.13;0;-78;54;-0.5;-0.05029296875;77;-44;155;2;2;41;23;54;-93.5440063477;30;23;0;210.177573125;-18.3547363281;-10.6730957031;155;6;
1603466966.19;0;-79;56;-1.0;-0.125732421875;77;-41;156;3;2;41;23;53;-81.657409668;31;22;0;211.667050007;-15.3640136719;-9.47680664062;156;8;
1603466966.24;0;-79;62;-0.5;-0.047607421875;78;-38;157;3;6;44;19;57;-84.4497680664;31;22;0;218.081714338;-14.7658691406;-11.5703125;157;6;
1603466966.29;0;-80;68;-1.0;-0.0166015625;78;-35;158;3;6;45;19;52;-74.577331543;32;22;0;223.962739967;-14.1677246094;-13.6638183594;158;6;
1603466966.35;0;-80;77;-0.5;-0.12744140625;79;-32;159;3;9;48;16;56;-70.2590942383;32;22;0;223.3294546;-14.1677246094;-13.3647460938;159;10;
1603466966.4;0;-81;86;-1.0;-0.097900390625;79;-26;160;6;9;49;16;53;-58.3572387695;33;19;0;233.534974194;-10.4293212891;-14.1124267578;160;6;
1603466966.46;0;-81;95;-1.0;-0.057373046875;79;-20;160;6;9;49;16;54;-60.3637695312;34;19;0;236.914996884;-9.681640625;-14.8601074219;160;6;
1603466966.51;0;-81;105;-0.5;0.07080078125;80;-14;161;6;10;51;15;53;-56.7092895508;35;19;0;240.700290356;-9.681640625;-17.2526855469;161;7;
1603466966.56;0;-82;115;-1.0;-0.009521484375;80;0;162;14;10;52;15;52;-52.8945922852;41;11;0;237.628853377;-12.07421875;-19.0471191406;162;6;
1603466966.62;0;-82;123;-0.5;-0.021484375;81;14;163;14;8;52;17;56;-70.3353881836;42;11;0;244.831241962;-8.03674316406;-17.1031494141;163;7;
1603466966.67;0;-82;131;-0.5;0.2001953125;81;28;163;14;8;52;17;56;-73.127746582;44;11;0;252.617118811;-5.49462890625;-17.5517578125;163;7;
1603466966.73;0;-83;133;-0.5;0.081787109375;82;39;165;11;2;49;23;55;-96.9924926758;43;14;0;256.007116592;-4.59741210938;-18.4489746094;165;6;
1603466966.78;0;-83;129;0.0;0.142578125;83;50;166;11;0;47;29;51;-107.696533203;44;14;0;259.006346868;-3.7001953125;-19.0471191406;166;6;
1603466966.83;0;-84;124;0.0;-0.093017578125;84;55;168;5;0;47;30;52;-117.515563965;41;20;0;263.00788841;-2.35437011719;-19.1966552734;168;6;
1603466966.89;0;-84;119;0.0;-0.13818359375;84;60;168;5;0;46;30;56;-122.177124023;42;20;0;272.024688644;0.636352539062;-18.0003662109;168;6;
1603466966.94;0;-85;114;0.0;-0.129150390625;85;59;170;0;0;46;30;52;-137.062072754;38;26;0;283.770244489;4.37475585938;-17.8508300781;170;6;
1603466966.99;0;-86;109;0.0;-0.091796875;86;50;172;0;0;45;30;52;-139.022827148;38;34;0;288.490882369;6.01965332031;-18.0003662109;172;6;
1603466967.05;0;-87;100;0.0;0.21337890625;87;42;174;0;0;45;34;56;-140.335083008;37;33;0;291.205503979;7.21594238281;-18.5985107422;174;6;
1603466967.1;0;-88;94;0.0;0.400634765625;88;37;176;0;0;44;31;52;-130.867004395;36;30;0;300.206166598;9.60852050781;-16.5050048828;176;6;
1603466967.15;0;-89;88;-0.5;-0.064208984375;88;18;177;0;0;43;31;52;-138.786315918;34;44;0;311.118710078;12.4497070312;-14.2619628906;177;6;
1603466967.21;0;-90;83;-0.5;-0.13818359375;89;9;179;0;0;43;30;53;-139.39666748;33;34;0;313.749010871;13.7955322266;-14.4114990234;179;6;
1603466967.26;0;-90;80;0.0;-0.158935546875;90;0;180;0;0;43;28;52;-131.09588623;33;34;0;316.864732323;13.9450683594;-13.0656738281;180;6;
1603466967.31;0;-91;77;-0.5;0.249755859375;90;-13;181;0;0;42;28;56;-120.269775391;32;38;0;327.188838448;16.7862548828;-10.8226318359;181;6;
1603466967.37;0;-92;74;-0.5;0.135009765625;91;-21;183;0;0;42;28;54;-112.838745117;31;33;0;342.778375439;19.4779052734;-6.03747558594;183;6;
1603466967.42;0;-93;71;-0.5;-0.0087890625;92;-24;185;0;0;42;28;55;-110.649108887;31;28;0;341.169151154;18.5806884766;-6.33654785156;185;6;
1603466967.48;0;-94;70;-0.5;0.156005859375;93;-30;187;0;0;42;26;57;-106.140136719;30;31;0;350.050819013;19.9265136719;-3.49536132812;187;7;
1603466967.53;0;-94;69;-0.5;0.005859375;93;-36;187;0;0;41;26;52;-110.343933105;30;31;0;353.605058897;19.1788330078;-2.14953613281;187;6;
1603466967.58;0;-95;67;-0.5;-0.101806640625;94;-35;189;1;0;41;27;53;-100.616455078;31;24;0;2.29676283693;20.9732666016;0.841186523438;189;6;
1603466967.64;0;-95;65;0.0;0.176513671875;95;-34;190;1;0;41;27;54;-96.5957641602;31;24;0;5.74954912014;21.7209472656;2.18701171875;190;7;
1603466967.69;0;-96;63;-0.5;-0.1669921875;95;-31;191;3;0;41;27;54;-93.1549072266;32;22;0;12.1553867184;19.1788330078;4.13098144531;191;6;
1603466967.75;0;-96;64;0.0;0.089599609375;96;-28;192;3;1;42;24;53;-94.2611694336;32;22;0;18.8025768078;18.2816162109;6.22448730469;192;6;
1603466967.8;0;-97;65;-0.5;-0.062744140625;96;-25;193;3;1;42;24;52;-81.7108154297;33;22;0;24.3972082849;19.3283691406;8.7666015625;193;6;
1603466967.85;0;-98;65;-0.5;0.0107421875;97;-21;195;4;0;41;25;54;-91.2322998047;33;21;0;25.5069836207;19.6274414062;9.36474609375;195;6;
1603466967.91;0;-98;67;0.0;0.031005859375;98;-17;196;4;2;42;23;56;-83.854675293;33;21;0;29.2799324194;17.2348632812;9.66381835938;196;6;
1603466967.96;0;-99;69;-0.5;-0.21435546875;98;-13;197;4;2;43;23;55;-83.0612182617;34;21;0;39.6750418301;16.3376464844;13.5517578125;197;6;
1603466968.02;0;-99;71;-0.5;0.091796875;98;-9;197;4;2;43;23;53;-76.3092041016;34;21;0;44.1893217408;14.0946044922;13.7012939453;197;6;
1603466968.07;0;-100;80;-0.5;-0.059814453125;99;-6;199;3;9;48;16;56;-73.7686157227;34;22;0;44.8211424073;15.1413574219;15.0471191406;199;6;
1603466968.12;0;-100;89;-0.5;-0.11279296875;99;-3;199;3;9;49;16;52;-70.6558227539;34;22;0;50.1271053887;14.6927490234;17.5892333984;199;6;
1603466968.18;0;-101;98;-0.5;-0.026611328125;100;3;201;6;9;50;16;54;-61.8667602539;36;19;0;56.0047797925;10.9543457031;16.2434082031;201;6;
1603466968.23;0;-101;107;-0.5;-0.06298828125;100;9;201;6;9;51;16;55;-55.4351806641;37;19;0;56.1241005374;10.8048095703;16.0938720703;201;6;
1603466968.28;0;-101;116;-0.5;0.04736328125;100;15;201;6;9;52;16;52;-56.0913085938;38;19;0;59.008877498;11.1038818359;18.4864501953;201;6;
1603466968.34;0;-101;124;0.0;-0.036865234375;101;21;202;6;8;52;17;54;-55.5648803711;38;19;0;62.0681588933;10.3562011719;19.533203125;202;6;
1603466968.39;0;-102;132;-0.5;-0.146728515625;101;36;203;15;8;53;17;54;-74.1653442383;45;10;0;64.5703457676;8.86083984375;18.6359863281;203;6;
1603466968.45;0;-102;137;0.0;-0.006591796875;102;51;204;15;5;51;20;52;-73.2116699219;47;10;0;70.4916310351;6.01965332031;16.9910888672;204;6;
1603466968.5;0;-103;136;0.0;-0.16552734375;103;62;206;11;0;48;26;56;-100.898742676;45;14;0;75.4123577597;5.12243652344;19.6827392578;206;7;
1603466968.55;0;-103;131;0.5;0.09716796875;104;73;207;11;0;48;30;54;-110.939025879;46;14;0;75.9257289886;5.27197265625;21.0285644531;207;6;
1603466968.61;0;-104;126;0.0;0.07275390625;104;79;208;6;0;47;30;52;-119.54498291;44;19;0;84.3316804258;2.13171386719;21.4771728516;208;7;
1603466968.66;0;-104;121;0.5;-0.047607421875;105;85;209;6;0;47;30;54;-131.980895996;45;19;0;93.2681603072;-1.15808105469;20.2808837891;209;6;
1603466968.72;0;-105;112;0.5;-0.052978515625;106;82;211;0;0;46;34;56;-143.356323242;41;28;0;97.4539344044;-2.65344238281;20.2808837891;211;6;
1603466968.77;0;-106;105;0.5;-0.149658203125;107;72;213;0;0;45;32;54;-149.345397949;40;35;0;106.379018069;-6.0927734375;20.7294921875;213;6;
1603466968.83;0;-107;97;0.5;-0.423828125;108;61;215;0;0;44;33;55;-150.47454834;39;36;0;109.904067286;-7.2890625;20.1313476562;215;6;
1603466968.88;0;-108;90;0.5;0.110107421875;109;53;217;0;0;44;32;53;-131.309509277;38;33;0;122.900795945;-11.4760742188;17.7387695312;217;6;
1603466968.93;0;-109;83;0.0;0.251708984375;109;34;218;0;0;43;32;54;-145.27130127;36;44;0;128.798578199;-13.4200439453;16.6920166016;218;6;
1603466968.99;0;-110;78;0.0;-0.3525390625;110;23;220;0;0;42;30;53;-145.439147949;35;36;0;138.971453257;-16.2612304688;14.1499023438;220;6;
1603466969.04;0;-111;74;0.0;-0.406982421875;111;9;222;0;0;42;29;55;-142.501831055;33;39;0;144.432700421;-17.9061279297;12.8040771484;222;6;
1603466969.09;0;-112;71;-0.5;-0.187744140625;111;-2;223;0;0;42;28;53;-127.487182617;33;36;0;147.669025894;-17.1584472656;10.8601074219;223;7;
1603466969.15;0;-112;68;0.0;-0.007080078125;112;-13;224;0;0;41;28;55;-106.437683105;32;36;0;154.924881084;-17.4575195312;8.16845703125;224;6;
1603466969.2;0;-113;67;0.0;0.27001953125;113;-18;226;0;0;41;26;52;-129.22668457;32;30;0;163.950926472;-20.5977783203;5.92541503906;226;6;
1603466969.25;0;-114;61;0.0;0.180908203125;114;-28;228;0;0;41;31;52;-123.191833496;31;35;0;171.203316962;-20.8968505859;3.23376464844;228;6;
1603466969.31;0;-115;55;-0.5;-0.284912109375;114;-29;229;0;0;40;31;56;-113.014221191;31;26;0;171.168231158;-19.8500976562;3.08422851562;229;6;
1603466969.36;0;-115;54;0.0;0.06396484375;115;-30;230;0;0;40;26;54;-118.1640625;30;26;0;176.167166117;-19.251953125;1.28979492188;230;6;
1603466969.42;0;-116;53;0.0;-0.1181640625;116;-33;232;0;0;40;26;56;-111.618041992;30;28;0;184.870803744;-18.2052001953;-1.55139160156;232;6;
1603466969.47;0;-117;52;-0.5;0.3603515625;116;-33;233;0;0;40;26;53;-104.034423828;30;25;0;195.36382126;-19.251953125;-5.28979492188;233;7;
1603466969.53;0;-117;54;0.0;-0.12255859375;117;-33;234;0;2;41;23;52;-85.2661132812;30;25;0;196.429849884;-18.9528808594;-5.5888671875;234;6;
1603466969.58;0;-118;56;-0.5;-0.05126953125;117;-31;235;2;2;41;23;52;-96.7407226562;32;23;0;198.871443501;-19.8500976562;-6.78515625;235;6;
1603466969.63;0;-118;61;0.0;0.013671875;118;-29;236;2;5;44;20;53;-81.3064575195;32;23;0;200.026310954;-18.2052001953;-6.63562011719;236;7;
1603466969.69;0;-119;66;-0.5;-0.10791015625;118;-27;237;2;5;44;20;56;-75.6912231445;32;23;0;214.941137473;-16.5603027344;-11.5703125;237;9;
1603466969.74;0;-120;75;-0.5;0.07177734375;119;-23;239;4;9;47;16;53;-76.5838623047;33;21;0;217.918501842;-15.8126220703;-12.3179931641;239;7;
1603466969.79;0;-120;84;-0.5;0.139892578125;119;-19;239;4;9;48;16;53;-78.010559082;33;21;0;220.279203576;-15.0649414062;-12.7666015625;239;6;
1603466969.85;0;-121;93;-1.0;0.082275390625;119;-15;240;4;9;49;16;56;-74.5315551758;33;21;0;225.836606518;-13.2705078125;-13.6638183594;240;6;
1603466969.9;0;-121;101;-0.5;-0.0517578125;120;-11;241;4;8;49;17;52;-65.3381347656;34;21;0;228.924227054;-12.8218994141;-14.7105712891;241;6;
1603466969.96;0;-121;109;-0.5;-0.228759765625;120;-7;241;4;8;50;17;56;-56.0531616211;34;21;0;233.598308542;-11.1770019531;-15.1591796875;241;6;
1603466970.01;0;-122;116;-0.5;0.177978515625;121;-3;242;4;7;50;18;52;-60.6384277344;35;21;0;237.187603194;-11.0274658203;-17.1031494141;242;6;
1603466970.06;0;-122;123;-0.5;-0.134033203125;121;10;243;13;7;51;18;53;-69.6563720703;41;12;0;235.652075833;-11.1770019531;-16.35546875;243;6;
1603466970.11;0;-122;127;0.0;0.07275390625;122;23;244;13;4;50;21;52;-67.1844482422;43;12;0;241.461222338;-9.38256835938;-17.2526855469;244;6;
1603466970.17;0;-122;127;0.5;-0.146240234375;123;36;245;13;0;47;25;57;-94.8638916016;44;12;0;246.122642405;-7.43859863281;-16.8040771484;245;11;
1603466970.23;0;-123;127;0.0;0.099853515625;123;48;246;12;0;47;25;54;-103.179931641;45;13;0;251.154407225;-6.0927734375;-17.8508300781;246;6;
1603466970.28;0;-123;125;0.5;0.0419921875;124;60;247;12;0;47;27;55;-110.237121582;46;13;0;260.177920764;-3.40112304688;-19.6452636719;247;6;
1603466970.33;0;-124;120;0.5;-0.299560546875;125;65;249;5;0;47;30;54;-126.663208008;42;20;0;261.02689805;-3.10205078125;-19.6452636719;249;6;
1603466970.39;0;-125;115;0.5;-0.04150390625;126;62;251;0;0;46;30;53;-136.39831543;39;28;0;270.58304463;0.187744140625;-18.4489746094;251;6;
1603466970.44;0;-126;108;0.5;0.289306640625;127;55;253;0;0;45;32;55;-144.332885742;38;32;0;281.945634016;3.77661132812;-17.8508300781;253;7;
1603466970.49;0;-127;101;0.0;-0.10107421875;127;46;254;0;0;45;32;52;-141.02935791;37;34;0;290.037764582;6.01965332031;-16.5050048828;254;6;
1603466970.55;0;-128;95;0.0;-0.255615234375;128;37;256;0;0;44;31;56;-127.258300781;36;34;0;299.812639215;10.0571289062;-17.5517578125;256;7;
1603466970.61;0;-129;93;0.0;-0.17724609375;129;23;258;0;0;44;27;55;-146.286010742;35;39;0;305.533310889;11.2534179688;-15.7573242188;258;7;
1603466970.66;0;-129;86;0.5;-0.0478515625;130;9;259;0;0;43;32;54;-140.617370605;33;39;0;311.757729095;12.5992431641;-14.1124267578;259;6;
1603466970.72;0;-130;79;0.0;0.39111328125;130;-3;260;0;0;42;32;56;-127.616882324;33;37;0;318.937022101;13.7955322266;-12.0189208984;260;6;
1603466970.77;0;-131;77;0.0;0.10693359375;131;-13;262;0;0;42;27;54;-126.914978027;32;35;0;332.584920861;17.9825439453;-9.32727050781;262;6;
1603466970.82;0;-132;76;0.0;0.32275390625;132;-21;264;0;0;42;26;54;-116.493225098;31;33;0;336.699815945;18.8797607422;-8.13098144531;264;6;
1603466970.88;0;-133;75;-0.5;-0.37890625;132;-24;265;0;0;42;26;52;-102.188110352;31;28;0;339.533398683;18.5806884766;-6.93469238281;265;6;
1603466970.93;0;-134;76;-0.5;-0.118896484375;133;-32;267;0;1;43;24;54;-108.222961426;30;33;0;341.159379575;18.1320800781;-6.18701171875;267;6;
1603466970.98;0;-134;75;0.0;-0.29248046875;134;-40;268;0;0;42;26;54;-103.858947754;29;33;0;353.79693961;19.7769775391;-2.14953613281;268;6;
1603466971.04;0;-135;74;-0.5;-0.032958984375;134;-39;269;1;0;42;26;54;-102.142333984;30;24;0;358.527199909;19.6274414062;-0.504638671875;269;6;
1603466971.09;0;-135;74;0.0;-0.123779296875;135;-38;270;1;0;42;25;53;-102.668762207;30;24;0;7.16256797021;20.9732666016;2.63562011719;270;6;
1603466971.15;0;-136;73;0.0;0.042236328125;136;-34;272;4;0;42;26;55;-96.6262817383;32;21;0;10.7865260059;19.3283691406;3.68237304688;272;6;
1603466971.2;0;-136;72;0.0;-0.158203125;136;-30;272;4;0;42;26;55;-89.6911621094;33;21;0;17.7221416432;19.4779052734;6.22448730469;272;6;
1603466971.25;0;-137;75;0.0;-0.047607421875;137;-26;274;4;3;44;22;52;-94.4519042969;33;21;0;21.0328065437;18.1320800781;6.97216796875;274;6;
1603466971.3;0;-137;78;0.0;-0.17138671875;137;-22;274;4;3;44;22;52;-76.8737792969;33;21;0;21.8477191712;19.6274414062;7.86938476562;274;6;
1603466971.36;0;-138;83;0.0;-0.111572265625;138;-18;276;4;5;46;20;52;-77.522277832;33;21;0;26.3794031072;18.5806884766;9.21520996094;276;6;
1603466971.41;0;-138;88;0.0;-0.175537109375;138;-14;276;4;5;46;20;53;-83.1451416016;33;21;0;29.8719061321;17.0853271484;9.81335449219;276;6;
1603466971.46;0;-139;95;0.0;-0.028564453125;139;-8;278;6;7;48;18;54;-74.7528076172;35;19;0;32.0830687886;17.0853271484;10.7105712891;278;7;
1603466971.52;0;-139;102;0.0;-0.075439453125;139;-2;278;6;7;49;18;53;-83.1985473633;36;19;0;41.6550967277;14.3936767578;12.8040771484;278;7;
1603466971.57;0;-140;109;-0.5;-0.10791015625;139;3;279;5;7;50;18;52;-72.8912353516;36;20;0;43.645902323;14.9918212891;14.2994384766;279;7;
1603466971.62;0;-140;117;0.0;0.09716796875;140;8;280;5;8;51;17;53;-77.1636962891;36;20;0;49.994251318;12.0010986328;14.2994384766;280;6;
1603466971.68;0;-141;125;-0.5;0.09423828125;140;14;281;6;8;52;17;55;-68.229675293;38;19;0;51.2898262426;12.8983154297;16.0938720703;281;6;
1603466971.73;0;-141;132;0.0;-0.182373046875;141;20;282;6;7;52;18;53;-70.7473754883;38;19;0;56.8348990041;11.1038818359;16.9910888672;282;6;
1603466971.78;0;-141;132;0.0;0.09912109375;141;26;283;6;0;48;25;52;-75.4318237305;39;19;0;60.5116880069;9.60852050781;16.9910888672;283;7;
1603466971.84;0;-142;132;0.0;0.1396484375;142;39;284;13;0;48;25;55;-81.9244384766;44;12;0;60.5433945386;10.3562011719;18.3369140625;284;6;
1603466971.89;0;-142;130;0.5;-0.00048828125;143;52;285;13;0;48;27;55;-85.2737426758;46;12;0;63.2709858244;9.30944824219;18.4864501953;285;6;
1603466971.95;0;-142;128;1.0;0.00634765625;144;65;286;13;0;47;27;53;-108.947753906;47;12;0;71.1589055516;6.76733398438;19.8322753906;286;6;
1603466972.0;0;-143;126;0.5;0.136474609375;144;75;287;10;0;47;27;57;-114.067077637;46;15;0;79.905272092;3.4775390625;19.533203125;287;6;
1603466972.06;0;-144;121;0.5;-0.01318359375;145;79;289;4;0;47;30;53;-121.673583984;43;21;0;79.1991648779;3.92614746094;20.5799560547;289;6;
1603466972.11;0;-144;116;1.0;-0.077392578125;146;83;290;4;0;46;30;54;-127.853393555;43;21;0;83.1347004839;2.72985839844;22.6734619141;290;6;
1603466972.16;0;-145;108;1.0;0.18017578125;147;79;292;0;0;45;33;51;-135.50567627;40;29;0;92.3559447181;-0.859008789062;20.8790283203;292;6;
1603466972.22;0;-146;101;1.0;0.0927734375;148;72;294;0;0;45;32;55;-142.944335938;40;32;0;109.393715629;-7.13952636719;20.2808837891;294;7;
1603466972.27;0;-147;94;0.5;-0.0830078125;148;61;295;0;0;44;32;52;-148.078918457;39;36;0;116.723658533;-9.38256835938;18.6359863281;295;6;
1603466972.32;0;-148;87;0.5;0.572998046875;149;54;297;0;0;43;32;52;-133.689880371;38;32;0;115.279456624;-9.08349609375;19.2341308594;297;6;
1603466972.37;0;-149;81;0.5;0.402099609375;150;39;299;0;0;43;31;54;-140.922546387;36;40;0;118.336134323;-10.1302490234;18.7855224609;299;6;
1603466972.43;0;-150;75;0.5;-0.014404296875;151;25;301;0;0;42;31;54;-141.693115234;35;39;0;131.62346375;-14.1677246094;15.9443359375;301;7;
1603466972.48;0;-151;69;0.0;0.001220703125;151;13;302;0;0;41;31;54;-134.155273438;34;37;0;140.041985803;-16.7098388672;14.0003662109;302;7;
1603466972.53;0;-151;64;0.5;0.281982421875;152;1;303;0;0;41;30;53;-134.124755859;33;37;0;147.656742363;-18.8033447266;11.9068603516;303;6;
1603466972.59;0;-152;62;0.5;0.328857421875;153;-9;305;0;0;41;27;53;-124.549865723;33;35;0;150.611330003;-17.1584472656;9.66381835938;305;6;
1603466972.64;0;-153;58;0.5;-0.069580078125;154;-13;307;0;0;40;29;53;-104.499816895;32;29;0;158.151515459;-19.9996337891;8.01892089844;307;7;
1603466972.69;0;-154;54;0.0;0.101318359375;154;-24;308;0;0;40;29;52;-121.139526367;31;36;0;169.461449769;-20.5977783203;3.83190917969;308;6;
1603466972.75;0;-154;51;0.5;0.243896484375;155;-35;309;0;0;40;28;54;-120.765686035;30;36;0;169.490582392;-19.8500976562;3.68237304688;309;6;
1603466972.8;0;-155;48;0.5;-0.2021484375;156;-36;311;0;0;39;28;52;-109.191894531;30;26;0;175.423614003;-19.8500976562;1.5888671875;311;6;
1603466972.85;0;-156;45;0.0;-0.207275390625;156;-35;312;1;0;39;28;52;-110.92376709;31;24;0;176.473813742;-18.5042724609;1.14025878906;312;6;
1603466972.91;0;-156;46;0.5;-0.210205078125;157;-34;313;1;1;40;24;55;-108.657836914;31;24;0;189.115988547;-18.0556640625;-2.89721679688;313;6;
1603466972.96;0;-157;47;0.0;-0.053466796875;157;-33;314;1;1;40;24;53;-92.3538208008;31;24;0;192.983104003;-19.7005615234;-4.54211425781;314;6;
1603466973.01;0;-157;52;0.5;0.4287109375;158;-32;315;1;5;43;20;54;-78.0944824219;31;24;0;194.62354761;-19.7005615234;-5.14025878906;315;6;
1603466973.07;0;-158;57;0.0;-0.08544921875;158;-30;316;2;5;43;20;54;-83.1832885742;32;23;0;202.682187243;-17.3079833984;-7.23376464844;316;6;
1603466973.12;0;-159;64;0.0;-0.03955078125;159;-27;318;3;7;45;18;54;-81.5048217773;33;22;0;202.92493787;-17.4575195312;-7.38330078125;318;6;
1603466973.18;0;-159;71;0.0;-0.0234375;159;-24;318;3;7;46;18;56;-77.3620605469;33;22;0;208.666844124;-17.6070556641;-9.62634277344;318;6;
1603466973.23;0;-160;78;-0.5;0.032470703125;159;-20;319;4;7;47;18;54;-80.7342529297;33;21;0;216.802985068;-15.0649414062;-11.2712402344;319;6;
1603466973.28;0;-160;88;0.0;-0.123779296875;160;-16;320;4;10;49;15;52;-78.5903930664;33;21;0;217.922547661;-14.466796875;-11.2712402344;320;6;
1603466973.33;0;-161;98;-0.5;-0.082763671875;160;-11;321;5;10;50;15;52;-71.1212158203;34;20;0;222.519419424;-13.2705078125;-12.1684570312;321;6;
1603466973.39;0;-161;104;0.0;0.033447265625;161;-6;322;5;6;49;19;52;-71.4950561523;35;20;0;224.559385036;-13.4200439453;-13.2152099609;322;6;
1603466973.44;0;-161;110;0.0;0.228515625;161;-1;322;5;6;49;19;57;-74.6917724609;35;20;0;234.778710982;-10.2797851562;-14.5610351562;322;7;
1603466973.5;0;-162;114;0.0;0.03515625;162;11;324;12;4;48;21;58;-80.5969238281;41;13;0;234.817685984;-12.3732910156;-17.5517578125;324;6;
